,prot_name,species_name,preparation,Prot_Helix_1_distance,Prot_Helix_2_distance,Prot_Helix_3_distance,Prot_Helix_4_distance,Prot_Helix_5_distance,Prot_Helix_6_distance,Prot_Helix_7_distance,Prot_Helix_8_distance,Prot_Helix_9_distance,Prot_Helix_10_distance,Prot_Helix_11_distance,Prot_Helix_12_distance,Pairwise_sep_between_hel_1_and_hel_2,Pairwise_sep_between_hel_1_and_hel_3,Pairwise_sep_between_hel_1_and_hel_4,Pairwise_sep_between_hel_1_and_hel_5,Pairwise_sep_between_hel_1_and_hel_6,Pairwise_sep_between_hel_1_and_hel_7,Pairwise_sep_between_hel_1_and_hel_8,Pairwise_sep_between_hel_1_and_hel_9,Pairwise_sep_between_hel_1_and_hel_10,Pairwise_sep_between_hel_1_and_hel_11,Pairwise_sep_between_hel_1_and_hel_12,Pairwise_sep_between_hel_2_and_hel_3,Pairwise_sep_between_hel_2_and_hel_4,Pairwise_sep_between_hel_2_and_hel_5,Pairwise_sep_between_hel_2_and_hel_6,Pairwise_sep_between_hel_2_and_hel_7,Pairwise_sep_between_hel_2_and_hel_8,Pairwise_sep_between_hel_2_and_hel_9,Pairwise_sep_between_hel_2_and_hel_10,Pairwise_sep_between_hel_2_and_hel_11,Pairwise_sep_between_hel_2_and_hel_12,Pairwise_sep_between_hel_3_and_hel_4,Pairwise_sep_between_hel_3_and_hel_5,Pairwise_sep_between_hel_3_and_hel_6,Pairwise_sep_between_hel_3_and_hel_7,Pairwise_sep_between_hel_3_and_hel_8,Pairwise_sep_between_hel_3_and_hel_9,Pairwise_sep_between_hel_3_and_hel_10,Pairwise_sep_between_hel_3_and_hel_11,Pairwise_sep_between_hel_3_and_hel_12,Pairwise_sep_between_hel_4_and_hel_5,Pairwise_sep_between_hel_4_and_hel_6,Pairwise_sep_between_hel_4_and_hel_7,Pairwise_sep_between_hel_4_and_hel_8,Pairwise_sep_between_hel_4_and_hel_9,Pairwise_sep_between_hel_4_and_hel_10,Pairwise_sep_between_hel_4_and_hel_11,Pairwise_sep_between_hel_4_and_hel_12,Pairwise_sep_between_hel_5_and_hel_6,Pairwise_sep_between_hel_5_and_hel_7,Pairwise_sep_between_hel_5_and_hel_8,Pairwise_sep_between_hel_5_and_hel_9,Pairwise_sep_between_hel_5_and_hel_10,Pairwise_sep_between_hel_5_and_hel_11,Pairwise_sep_between_hel_5_and_hel_12,Pairwise_sep_between_hel_6_and_hel_7,Pairwise_sep_between_hel_6_and_hel_8,Pairwise_sep_between_hel_6_and_hel_9,Pairwise_sep_between_hel_6_and_hel_10,Pairwise_sep_between_hel_6_and_hel_11,Pairwise_sep_between_hel_6_and_hel_12,Pairwise_sep_between_hel_7_and_hel_8,Pairwise_sep_between_hel_7_and_hel_9,Pairwise_sep_between_hel_7_and_hel_10,Pairwise_sep_between_hel_7_and_hel_11,Pairwise_sep_between_hel_7_and_hel_12,Pairwise_sep_between_hel_8_and_hel_9,Pairwise_sep_between_hel_8_and_hel_10,Pairwise_sep_between_hel_8_and_hel_11,Pairwise_sep_between_hel_8_and_hel_12,Pairwise_sep_between_hel_9_and_hel_10,Pairwise_sep_between_hel_9_and_hel_11,Pairwise_sep_between_hel_9_and_hel_12,Pairwise_sep_between_hel_10_and_hel_11,Pairwise_sep_between_hel_10_and_hel_12,Pairwise_sep_between_hel_11_and_hel_12,COM_helix_x_num_1,COM_helix_y_num_1,COM_helix_z_num_1,COM_helix_x_num_2,COM_helix_y_num_2,COM_helix_z_num_2,COM_helix_x_num_3,COM_helix_y_num_3,COM_helix_z_num_3,COM_helix_x_num_4,COM_helix_y_num_4,COM_helix_z_num_4,COM_helix_x_num_5,COM_helix_y_num_5,COM_helix_z_num_5,COM_helix_x_num_6,COM_helix_y_num_6,COM_helix_z_num_6,COM_helix_x_num_7,COM_helix_y_num_7,COM_helix_z_num_7,COM_helix_x_num_8,COM_helix_y_num_8,COM_helix_z_num_8,COM_helix_x_num_9,COM_helix_y_num_9,COM_helix_z_num_9,COM_helix_x_num_10,COM_helix_y_num_10,COM_helix_z_num_10,COM_helix_x_num_11,COM_helix_y_num_11,COM_helix_z_num_11,COM_helix_x_num_12,COM_helix_y_num_12,COM_helix_z_num_12,dist_between_COM_clamp_1,dist_between_COM_clamp_2,dist_between_COM_clamp_3,Angle_between_COM_and_Calpha_of_hel_1,Angle_between_COM_and_Calpha_of_hel_2,Angle_between_COM_and_Calpha_of_hel_3,Angle_between_COM_and_Calpha_of_hel_4,Angle_between_COM_and_Calpha_of_hel_5,Angle_between_COM_and_Calpha_of_hel_6,Angle_between_COM_and_Calpha_of_hel_7,Angle_between_COM_and_Calpha_of_hel_8,Angle_between_COM_and_Calpha_of_hel_9,Angle_between_COM_and_Calpha_of_hel_10,Angle_between_COM_and_Calpha_of_hel_11,Angle_between_COM_and_Calpha_of_hel_12,COM_x,COM_y,COM_z,Helix,Beta bridge,Strand,Helix-3,Helix-5,Turn,Bend,Other,len_of_hel_1,len_of_hel_2,len_of_hel_3,len_of_hel_4,len_of_hel_5,len_of_hel_6,len_of_hel_7,len_of_hel_8,len_of_hel_9,len_of_hel_10,len_of_hel_11,len_of_hel_12,cos_between_hel_1_and_hel_2,cos_between_hel_1_and_hel_3,cos_between_hel_1_and_hel_4,cos_between_hel_1_and_hel_5,cos_between_hel_1_and_hel_6,cos_between_hel_1_and_hel_7,cos_between_hel_1_and_hel_8,cos_between_hel_1_and_hel_9,cos_between_hel_1_and_hel_10,cos_between_hel_1_and_hel_11,cos_between_hel_1_and_hel_12,cos_between_hel_2_and_hel_3,cos_between_hel_2_and_hel_4,cos_between_hel_2_and_hel_5,cos_between_hel_2_and_hel_6,cos_between_hel_2_and_hel_7,cos_between_hel_2_and_hel_8,cos_between_hel_2_and_hel_9,cos_between_hel_2_and_hel_10,cos_between_hel_2_and_hel_11,cos_between_hel_2_and_hel_12,cos_between_hel_3_and_hel_4,cos_between_hel_3_and_hel_5,cos_between_hel_3_and_hel_6,cos_between_hel_3_and_hel_7,cos_between_hel_3_and_hel_8,cos_between_hel_3_and_hel_9,cos_between_hel_3_and_hel_10,cos_between_hel_3_and_hel_11,cos_between_hel_3_and_hel_12,cos_between_hel_4_and_hel_5,cos_between_hel_4_and_hel_6,cos_between_hel_4_and_hel_7,cos_between_hel_4_and_hel_8,cos_between_hel_4_and_hel_9,cos_between_hel_4_and_hel_10,cos_between_hel_4_and_hel_11,cos_between_hel_4_and_hel_12,cos_between_hel_5_and_hel_6,cos_between_hel_5_and_hel_7,cos_between_hel_5_and_hel_8,cos_between_hel_5_and_hel_9,cos_between_hel_5_and_hel_10,cos_between_hel_5_and_hel_11,cos_between_hel_5_and_hel_12,cos_between_hel_6_and_hel_7,cos_between_hel_6_and_hel_8,cos_between_hel_6_and_hel_9,cos_between_hel_6_and_hel_10,cos_between_hel_6_and_hel_11,cos_between_hel_6_and_hel_12,cos_between_hel_7_and_hel_8,cos_between_hel_7_and_hel_9,cos_between_hel_7_and_hel_10,cos_between_hel_7_and_hel_11,cos_between_hel_7_and_hel_12,cos_between_hel_8_and_hel_9,cos_between_hel_8_and_hel_10,cos_between_hel_8_and_hel_11,cos_between_hel_8_and_hel_12,cos_between_hel_9_and_hel_10,cos_between_hel_9_and_hel_11,cos_between_hel_9_and_hel_12,cos_between_hel_10_and_hel_11,cos_between_hel_10_and_hel_12,cos_between_hel_11_and_hel_12,dist_clamp_1,dist_clamp_2,dist_clamp_3,clamp_angle_1-2,clamp_angle_1-3,clamp_angle_2-3
0,3o1e.pdb,zebrafish,0,18.294091751322227,9.244249660546934,7.300175476129798,19.560526432787796,13.835442665626777,9.855815143076176,18.55726868728105,10.19587075001029,24.609093955101482,15.141932775201937,,,22.61682808221254,19.81826440926989,35.91715537097861,26.34043219173614,10.52462817822153,11.814823828402446,25.813574152519333,41.82055741741912,29.366141831999894,11.274049886688607,19.052720826481178,20.281550461726756,17.404874149103307,26.24989770089634,17.275853007988598,20.057535098933755,10.12429661992831,24.477004482762403,19.85280343055549,13.298998804963416,18.766125311226247,11.79495801918639,24.10910920864996,12.119612327177313,15.28925161993234,27.153760224929783,36.326142207565525,18.905155568869727,19.003657970086554,22.84773455864543,16.375414880305193,23.850302655244345,11.564889245147949,29.156278546878255,26.01750071576586,10.209609108350136,15.726121264361364,34.4574713193837,23.958337652071567,21.267088853798658,42.138183069895874,30.715678313661538,24.030317863693607,18.7948379931079,14.591308560981718,,,,,,,,,,,,,,,,,,,,,,14.735407291869981,52.88974308583326,49.782193301885634,7.487271187062179,39.2892570248254,33.22887899897728,15.440668029267735,35.516405588904405,40.27254789809562,-7.568044024975392,28.075447310182245,36.483740968676535,-1.5873533574593521,32.21696917610865,49.93143039367233,10.513446840465242,43.249835390662675,49.9047814953622,17.98112696975116,43.97883076264922,56.82854040072542,8.580755916597393,28.061776578799595,46.31333814462064,4.781732328484428,22.03681082751196,23.36288315778161,13.460021212508481,32.47804928068029,28.7083604172302,,,,,,,13.930701916735108,10.953855231685102,16.32447176431232,37.47452532600865,-27.366817251340695,-42.11586152898528,54.06221881521514,33.09397328733729,1.044740443434924,15.244886484612769,-42.72539332645414,57.21014543529417,52.25128863091261,,,8.653866469851186,37.39108472105436,42.20062069933252,57.99999999999999,0.0,2.8000000000000003,4.3999999999999995,0.0,14.399999999999999,6.4,14.000000000000002,,,,,,,,,,,,,,,,,,,,,,,,,,,,,,,,,,,,,,,,,,,,,,,,,,,,,,,,,,,,,,,,,,,,,,,,,,,,,,,18.075321127396066,13.755857382074936,8.472092080722897,46.899325038695686,26.724087130832523,106.37658783047179
1,4ia3.pdb,zebrafish,0,18.272724462364742,9.64046363807282,6.7194755811396325,19.095394702987186,14.125258236699759,9.871109720825688,18.281564197143133,10.313597765395082,24.797987691616402,15.33952598125256,,,23.32625967407786,19.59220117842424,35.758303059160774,28.49320500668194,10.525502324560108,12.553386352589039,26.338286016062135,41.88539524873149,29.38774841238773,11.43338263455648,17.818612933033098,19.66562212014986,18.009268294460124,26.6538997291907,16.982824902251814,19.539590662300327,10.223119781351855,23.31707532086671,19.18112043113049,12.966899655962226,17.964157577810997,11.281175205122613,24.054584401384496,12.283387480970728,13.033343279192893,26.9665233738,35.95133320562103,18.018334239793727,18.52448696390998,22.170254436466838,18.344934906116286,25.868963138426782,11.012357679350563,27.006408557630554,24.927561226480815,10.52913164716283,16.39790459621489,34.657200646679456,24.12360051537146,21.375065190178773,41.588601489210475,30.08325078902128,23.319030020459024,18.216682151095892,14.534708530948468,,,,,,,,,,,,,,,,,,,,,,15.086684535223275,51.66133526798852,50.74287968223449,7.326236873836345,38.09796460194629,33.42454204108284,15.221954714302127,34.6880745320233,40.957969412669335,-6.241342847507897,26.89489218205702,36.237888041300266,-1.4432900675926934,28.588776095550877,48.23694983137524,10.770935188146076,42.061747073003325,50.651155943628495,19.094305537897704,41.59497036088978,57.08281504258498,9.075193817100843,26.51490685046578,45.72048707987585,5.7571412083378455,21.53153943002581,23.183101758294118,14.139048533860782,31.852159609934713,29.055595331558223,,,,,,,14.021572240093992,11.060000808986436,16.45592390814259,37.06543822465235,-31.41955257462006,-51.78428400929931,53.937734026483554,19.61829925162819,1.0599903374613753,4.064294683950474,-41.137714787816094,57.167825060356904,52.360692586254174,,,8.980555011676854,36.396519211380514,42.76835572922638,61.199999999999996,0.0,2.8000000000000003,4.3999999999999995,0.0,11.600000000000001,5.2,14.799999999999999,,,,,,,,,,,,,,,,,,,,,,,,,,,,,,,,,,,,,,,,,,,,,,,,,,,,,,,,,,,,,,,,,,,,,,,,,,,,,,,18.243609183019966,13.968742324513832,8.551912963411874,47.49238098519869,26.828361639175856,105.67925737562544
2,4ruo.pdb,zebrafish,0,,,,,,,,,,,,,,,,,,,,,,,,,,,,,,,,,,,,,,,,,,,,,,,,,,,,,,,,,,,,,,,,,,,,,,,,,,,,,,,,,,,,,,,,,,,,,,,,,,,,,,,,,,,,,,,,,,,,,,,,,,,,,,,,,,8.955372794934084,36.619518108235496,42.52895368886004,61.6,0.0,2.8000000000000003,2.4,0.0,12.8,5.6000000000000005,14.799999999999999,,,,,,,,,,,,,,,,,,,,,,,,,,,,,,,,,,,,,,,,,,,,,,,,,,,,,,,,,,,,,,,,,,,,,,,,,,,,,,,,,,,,
3,5nma.pdb,zebrafish,0,17.931897816421607,9.62052535697437,7.445096127221728,19.15157613843535,13.836725866864688,9.901925260438844,18.374594244389204,10.23817214256967,24.627952211566804,14.490324290867619,,,22.743386901670522,19.544232876157448,35.302585224084844,27.9778596247826,10.433757089042183,13.089320994827128,25.688505548959956,41.33717588058759,28.594395055164554,11.92390643631578,17.943460672743317,19.470070655320097,18.01928914117705,26.734975070287526,17.397527728537955,19.45833415045186,10.010462464372063,24.04252742929533,19.503446214629058,13.37973717034219,18.073522612394477,11.90759922191511,24.17009297884515,11.435558057591027,13.096712943368647,26.985760711087686,36.02327488957099,18.440164519767933,18.352543948281312,21.694162871486057,18.060796314484115,25.593835087432467,10.294136847176244,26.628692261267165,23.697748179821822,10.538108568853982,15.75577394677522,34.52045087783223,23.41488070272217,20.747401767143533,41.59206400752071,29.4618956235165,24.09962821028643,17.867881858245042,14.557203069292846,,,,,,,,,,,,,,,,,,,,,,-39.3101433199071,39.33028969688545,4.848367882088748,-30.975324983746862,25.31062210976152,-11.00222743193123,-23.68323357331168,31.303270143190215,-3.715725039746519,-28.38866381570443,7.977288298719427,-7.150928441848499,-27.449952610417274,13.993892543881271,4.4440353162306385,-32.94770420711097,31.13276096002608,5.936107803882909,-28.526078198610666,38.359513869107126,12.203084590260538,-20.808591336035814,21.647535670964427,2.632041736001749,-17.45580579191686,14.785244373772068,-20.225339284615167,-21.738757389584613,27.36026693333383,-14.272416100231123,,,,,,,14.147947156207564,11.237453006929618,16.46075215744633,33.05314288663832,-32.597138137573886,-39.57082603578287,54.062219786579774,20.17487200097846,1.55071099219233,4.161914320249883,-42.7051872759088,57.175859682619915,48.604792884599846,,,-28.830885508742437,26.325119050223368,-1.6787793873490557,61.199999999999996,0.0,2.8000000000000003,3.2,0.0,14.000000000000002,5.2,13.600000000000001,,,,,,,,,,,,,,,,,,,,,,,,,,,,,,,,,,,,,,,,,,,,,,,,,,,,,,,,,,,,,,,,,,,,,,,,,,,,,,,18.267554706511326,14.154647575546457,8.554821038187947,48.638950301680865,26.97653747250024,104.3845122258189
4,4g1z.pdb,zebrafish,0,16.95531463679643,9.275153584197668,7.622407683592561,13.516902244819963,10.009587720199823,18.79238345108256,10.499601530622137,24.555698005138836,15.137204910080161,,,,21.451436247371266,18.626537671410397,26.724084810814812,9.805428453605016,12.965171365381917,25.370164142322068,40.20466167883675,27.740104142759577,11.987126434987722,19.077486986458155,17.865165216056482,26.921386664015532,17.021877008991712,19.52963482367606,10.197101821575524,19.325055985060914,13.30274923210889,18.83350245316548,11.713969785449573,24.26815441051267,12.272226023100533,17.671660693576886,24.9965797782633,10.743225824303227,26.878364567274534,24.569111148422245,10.131947339197783,16.333083849835752,34.53954027027617,23.985287278641334,21.77564724912979,42.2490028241022,30.914528980068656,23.385807110805132,18.368117459698407,14.66740859221877,,,,,,,,,,,,,,,,,,,,,,,,,,,,,,,13.943509617266102,53.19699280693609,47.6264712025056,6.568293627775991,39.51307157331217,32.84402871638783,15.462698412126475,36.198122712027896,40.16467607489205,-1.4828044442407267,31.380170060447202,48.107915591469414,10.588151063049517,44.19922256112642,49.608421437762445,17.74222019236007,44.812360727967594,56.756827789228865,8.566521633034249,28.481861376689626,45.65276727044432,4.413985644162655,22.545307001465694,23.417440845250567,13.217881204760571,33.11893392005366,28.499046059716697,,,,,,,,,,14.246062580347244,11.32010206566797,16.475012911014506,27.677332956735462,-33.50476422527182,-40.32832915532073,19.40132599903377,2.335542103584757,15.353389928151481,-40.11884663030982,57.19263065418449,52.067218664790225,,,,8.327776641232788,38.271823629037854,41.86578004729064,58.8,0.0,3.2,6.0,0.0,12.4,6.0,13.600000000000001,,,,,,,,,,,,,,,,,,,,,,,,,,,,,,,,,,,,,,,,,,,,,,,,,,,,,,,,,,,,,,,,,,,,,,,,,,,,,,,18.31688726035125,14.180668765938872,8.622258027029309,48.63034461159699,27.148750437836227,104.2209049505668
5,4rup.pdb,zebrafish,0,16.484925528307322,9.51599525990015,7.313896538049264,19.040530050700994,14.157225987992506,10.00185552232925,18.35761918732001,10.188558763563774,24.631493502350164,15.18190481605923,,,20.686116600000815,18.367084756449458,33.4899961331537,27.14080337675479,9.69844063837822,14.114510286009304,25.07120669694348,39.57579383088572,27.1980806368166,11.826280663368792,17.880390208898366,19.692716788342775,17.94312786853679,26.582171260974942,16.890701651285063,19.551132496188618,10.241683837097694,23.859890386622407,19.6790607727534,13.371303864344528,17.960390569097942,11.460647818859302,24.13575339568269,12.14376953899007,12.988949467068293,26.954262500145855,35.92417363771028,18.06265062644556,18.538787438835897,22.31897987199847,18.447400356958497,25.879267886325955,10.928172498410447,26.841375031138785,24.894297517055204,10.550303515708293,16.375556130533127,34.62529995776828,24.060088664914172,21.297556316963867,41.535071559277405,29.967199779677653,23.25596146523944,18.124948714573154,14.660673972451503,,,,,,,,,,,,,,,,,,,,,,13.222170203946144,51.500307672559444,47.84048081056057,6.91462656767124,38.387004102151685,33.137706149441385,15.474565744238715,34.82437933164344,40.47909977509565,-6.748662219469338,27.2673265290559,36.199676791374074,-1.6631198849709028,28.806551970667044,48.052138664840484,10.500613389026274,42.50350514347739,50.230130067671766,18.90566396500343,41.990979270616165,56.586335407218364,8.779070209501079,26.944788151796015,45.42165284114395,5.098557357214364,21.733233897568944,23.057993232929068,13.731840413587527,32.11439073279475,28.770555508957354,,,,,,,14.028698713445754,10.94143736047851,16.378541421429848,22.075468364440066,-32.25570115155836,-40.40047677347294,53.95258042536711,19.063220745791867,2.7807903599398998,5.164479041124048,-41.801508319587036,57.22092168076867,52.27262555920302,,,8.640232628068235,36.65320586418902,42.33392239204904,60.8,0.0,2.8000000000000003,4.3999999999999995,0.0,12.4,5.2,14.399999999999999,,,,,,,,,,,,,,,,,,,,,,,,,,,,,,,,,,,,,,,,,,,,,,,,,,,,,,,,,,,,,,,,,,,,,,,,,,,,,,,18.162396186120276,13.868998085664222,8.46342292541333,47.1311267929912,26.567567650610783,106.30130555639803
6,6fo9.pdb,zebrafish,0,17.43345676437768,9.618239449128525,7.505697814061854,18.966856692152717,13.70654321836778,9.893449100838628,18.328831289433687,10.304309222138997,24.86292366355233,15.358555981968639,,,22.04230556508486,19.059295782566576,34.704835321908234,28.025573336034746,10.174532783291749,13.26759300261824,25.820416581894523,40.899220478280895,28.300143101663668,11.866174157649098,17.89846603149294,19.28545913772615,17.981772923378447,26.604798426488426,16.99717286494871,19.670121912624047,10.24831741384313,23.85736428184432,19.202399054293473,13.366331872401961,17.965821652883257,11.641648631557585,24.303184118043486,12.184246214271164,12.590205775607874,26.894610573196598,35.87213759338333,17.91049793514451,18.565361708471833,22.27194681615799,18.430153334539238,25.86603202703503,10.163477685844812,26.196112933804283,24.210447116253924,10.51407993045784,16.400387146700435,34.741173834427826,24.093574769253536,21.402512060343938,41.68799024538104,30.02091515547415,23.378363717079658,18.222067695187015,14.747395072304208,,,,,,,,,,,,,,,,,,,,,,14.39621387005942,52.28787061045031,48.88001369539664,7.062021449210101,38.691578037250814,33.156983312468306,15.693660387419587,35.21022086310102,40.517761165796095,-6.531738907167438,27.533648053776798,36.48344752207233,-0.9518000192865148,28.868733602469167,47.6903699389242,10.718850503008545,42.90092843547503,50.25239579547706,19.130640856187217,42.55248643914768,56.55051043506738,8.870587137952963,27.277114652043764,45.620650556831755,5.1170296552908745,21.8427769315963,23.194623939248785,13.826829201496492,32.32561008458626,28.828029869067215,,,,,,,14.169248300875472,11.22239406147341,16.568729060397622,26.139423985633744,-31.702412952321257,-40.7423360904512,53.92723316361789,19.7223540208814,2.786085825644887,5.140697450728499,-41.19211939396931,57.17781812306116,52.32257835937368,,,8.703929180163279,37.09569340595202,42.49870806475001,61.44578313253012,0.0,2.8112449799196786,4.417670682730924,0.0,12.048192771084338,5.220883534136546,14.056224899598394,,,,,,,,,,,,,,,,,,,,,,,,,,,,,,,,,,,,,,,,,,,,,,,,,,,,,,,,,,,,,,,,,,,,,,,,,,,,,,,18.39340277819635,13.971983346452877,8.586768193438441,46.650783968582516,26.545311873772384,106.8039041576451
7,5e7v.pdb,zebrafish,0,17.49759382595375,9.248009598738042,7.540483270204363,18.95461156209429,13.916369618791682,9.998176892048503,18.551091412987027,10.292600677184918,24.73968925644289,14.458702653347936,,,21.375108775825314,19.028247226456568,34.79847582719208,27.809072515633364,10.214077706915196,13.156326674719779,25.365465806854118,40.82373658106954,27.92814349093806,11.366077294874735,18.792702998838593,19.989726154839186,17.53966020976029,26.08265936391691,17.42064596903117,20.145977920119105,9.87909157164278,23.952579312056198,19.584993158161716,13.338126821844376,18.048147049709588,11.809925500359002,24.281811750547313,11.472877281627092,13.00975246479882,26.95026824634038,36.02537877487681,18.338414371029327,18.732420846328726,21.6630815776776,18.19806057247706,25.806279113661756,10.438661868168133,27.061680148507623,23.826863198955888,10.52517673664516,15.790929148119139,34.71556547277685,23.396823825982853,20.880012718581632,41.79267926469295,29.45492023439848,24.33770764410127,17.837737325592407,14.541555786122931,,,,,,,,,,,,,,,,,,,,,,-39.74948001769398,39.58596070314543,3.84023520078829,-31.378427035681682,26.411440429202425,-10.762941258536303,-24.201953171237953,31.48089806859895,-3.552772384758985,-28.97622930610826,8.22098701096226,-6.700609845489858,-28.316597094929588,14.254171196960447,4.806745763820906,-33.68252358531492,31.613099891128282,5.828428733299022,-29.43677755209098,39.015358592558,11.989561102927809,-21.534747335453854,21.95782545544454,2.90256969433934,-17.70286528008163,14.919152167730871,-20.077808275404493,-22.123521317228672,27.403588049355207,-14.073351130934938,,,,,,,14.208212722346216,11.324338247423901,16.464393708722987,27.30568406986384,-27.183691167183678,-40.98503208534296,54.34882390085309,20.016864140926856,2.1579754887078724,5.614007078115248,-43.27682497190319,57.173913840888126,48.80244785434775,,,-29.54612074640258,26.4948184894144,-1.6986495984177656,62.0,0.0,2.8000000000000003,5.6000000000000005,0.0,10.8,4.8,14.000000000000002,,,,,,,,,,,,,,,,,,,,,,,,,,,,,,,,,,,,,,,,,,,,,,,,,,,,,,,,,,,,,,,,,,,,,,,,,,,,,,,18.083257682877885,14.01021689826724,8.529184088590894,48.73121252796192,27.230786528301916,104.03800094373617
8,2hbh.pdb,zebrafish,0,17.785915628436154,9.594169603275727,6.528308232301406,19.109793248034045,13.988255137727409,9.868501751090651,18.126486825500056,10.30922540411918,24.699614024147085,14.408275876209503,,,22.610247239390613,19.259245130965603,35.23178750613445,27.951845580179082,10.397790447115192,13.03852980636017,26.066051187821735,41.23862107519875,28.485936469318634,11.39586192340789,17.779162824998608,19.507097219642667,17.96219748400492,26.54083625046364,16.968991107224674,19.51386718291234,10.045859509579104,23.089279027368026,18.81566851420314,12.990659126566737,17.928288824118567,11.190839535534202,23.943360927928534,11.428644023460636,13.14503766355808,26.894323247677267,35.72183270788645,17.818128243482764,18.181899743888156,21.270878327106313,18.025780988424305,25.389832975479155,10.714892565883227,26.858789912430353,23.675512362796624,10.451923304380397,16.355625302454257,34.56262277292402,23.409725309557228,21.214390459481447,41.425368107692776,29.28862514478252,23.243844948020485,16.994497848885832,14.410071492022343,,,,,,,,,,,,,,,,,,,,,,14.70592265728642,51.51104615864556,49.74570855218653,7.275682658337498,37.96991278549869,33.23351545874681,15.153067138678239,34.510687489900796,40.70654985453011,-6.000409696901833,26.49313767269697,36.08441628886055,-1.067566609936287,28.49353681558658,48.10346273709692,10.728232632369119,41.927224261009755,50.41082965558781,18.982061264128596,41.41562270748739,56.80264297644059,9.11782907216983,26.40517490264014,45.51398749722526,5.641307854251202,21.381490044390542,23.08738011594771,13.811151857573888,31.119320103158778,29.875492895882733,,,,,,,13.835863996964587,10.957664936828191,16.279976961109146,33.35272322700491,-31.860108242311394,-52.014609472258805,54.303708620981155,20.249193457048094,1.0700638619007172,2.9206542973788934,-40.85125415796311,57.16362337764694,48.81874717376965,,,9.122653704532555,36.26150474120246,42.49192408469981,62.0,0.0,2.8000000000000003,5.6000000000000005,0.0,10.8,4.3999999999999995,14.399999999999999,,,,,,,,,,,,,,,,,,,,,,,,,,,,,,,,,,,,,,,,,,,,,,,,,,,,,,,,,,,,,,,,,,,,,,,,,,,,,,,18.13746240623024,13.886860686319933,8.328437144011577,47.143843229554726,26.08116432639492,106.77499244405035
9,5ow7.pdb,zebrafish,0,17.414484787039253,9.236073575091586,7.194573088763827,19.533545358061357,14.15171867485126,9.987742802492688,18.450331500913883,10.295726742592933,24.50973981141349,14.202234545726778,,,21.43079487797525,19.12205041629148,34.8852369315005,27.72964951832225,10.17320361546708,13.286732159408423,25.348113936411337,40.73685605101537,27.983400301667533,11.4557496003518,18.91451267824149,19.813710738622746,17.548674426877817,26.234525362075015,17.427729657705424,20.04348711647442,9.89165850974725,24.360614178623177,19.56154551123919,13.393242179611509,18.20210860167611,11.932816993444048,24.18030950816635,11.435330079617978,13.099390499582025,27.13511058352937,36.2785882476421,18.67036175241702,18.53777539322831,21.941946981717184,18.185909156012492,25.762211714255145,10.246085411696868,26.44818592423286,23.617458920111897,10.55218689815219,15.756658685718161,34.48839311617305,23.363128234012184,20.88298550334195,41.69988658327865,29.577828726607088,24.034521808111283,17.854679631079723,14.586129471493772,,,,,,,,,,,,,,,,,,,,,,-40.90974669440928,39.11684964591376,3.4040558346449443,-32.591887405176934,25.576204596743732,-10.974508683371745,-25.270931739129352,31.01632361644465,-4.043209231377585,-30.443668962105985,7.334283687606351,-6.460500606176459,-29.237560147227647,13.999576555818376,4.751689365821631,-34.69381581117544,31.332827461529018,5.469309739039862,-30.434984814294616,38.813550703902365,11.572570068122753,-22.628721684905972,21.569615837247827,2.7516829357469326,-19.034973424824408,13.628550385724324,-19.646591361224196,-23.35578034507874,26.52829717498433,-14.385191044764937,,,,,,,13.938959579428646,10.952754281633839,16.061252971427358,26.60508504916853,-27.884102397053617,-41.921806957705826,54.23649966765044,20.814611659045056,2.4144692084164427,5.6237882700493405,-42.21608818493191,57.1618655731978,48.77218758171133,,,-30.378652526855454,26.361417835800943,-2.0419789953664687,61.904761904761905,0.0,2.7777777777777777,4.365079365079365,0.0,11.507936507936508,4.365079365079365,15.079365079365079,,,,,,,,,,,,,,,,,,,,,,,,,,,,,,,,,,,,,,,,,,,,,,,,,,,,,,,,,,,,,,,,,,,,,,,,,,,,,,,18.034440035090494,14.311107675264356,8.405849732775163,50.9298976073711,27.13032827361232,101.93977411901659
10,6fod.pdb,zebrafish,0,17.394520783120868,9.576165401685104,6.8137620277450655,18.878630360833668,13.809664217419192,9.884286994523428,18.25857228701729,10.13428762464367,24.630332761233127,15.283893006542533,,,21.937895163589555,18.786050211532412,34.65023614158734,27.542537831384426,10.151564760764858,13.166012606357063,25.219586605207855,40.645985787911336,28.183968001958853,11.425963477086782,17.907025738351383,19.62934267945178,17.90735537012071,26.477149045660834,17.308299849132833,19.553431101524488,10.210215008612058,23.192108901302966,18.934233682983876,12.953994820278862,17.86469481235098,11.441802264322206,23.97906813438609,12.22576907972543,13.127623633202635,26.80103663764282,35.6983003473796,18.075205217079517,18.321741313435066,22.133346911088367,17.963078358294418,25.408965760473478,10.317650514118414,26.950357898952362,24.8337302110763,10.464102835746402,15.698664847869907,34.50039204636667,24.023974941712524,20.626084304713025,41.398553094778826,29.917180166311873,24.078825257262835,18.904621092116468,14.60572227658087,,,,,,,,,,,,,,,,,,,,,,14.246942987334592,52.187879527283805,48.80689852348638,6.911423128047729,38.69800273497625,33.13894981502374,14.89003006830429,35.30978088827961,40.58303642052334,-6.490672434231527,27.30662800573246,36.49781675365937,-1.3551198730257252,29.494613642931707,48.37945472986125,10.532416998581505,42.84063834541467,50.18008680586081,18.924631286645972,42.51996231006688,56.422310318411135,8.616922079947082,27.721629707472285,46.41252326581857,5.0359107078970915,21.88900118006953,23.32688643716741,13.630174146827164,32.36148636585587,28.785165762776007,,,,,,,14.150377512626186,11.148194220821688,16.488047663221458,26.595694284108948,-31.323151575802807,-51.563713785657605,54.14803581242499,19.37300977049205,1.722382902328221,5.181802877318029,-43.79854129733717,57.18736043614605,52.273888693068315,,,8.561647073441836,37.03816184627074,42.42467180928246,62.0,0.0,2.8000000000000003,4.3999999999999995,0.0,11.600000000000001,5.2,14.000000000000002,,,,,,,,,,,,,,,,,,,,,,,,,,,,,,,,,,,,,,,,,,,,,,,,,,,,,,,,,,,,,,,,,,,,,,,,,,,,,,,18.25404115926992,13.964864621239169,8.48741042411662,47.27614814011444,26.518491309420288,106.20536055046529
11,4ia1.pdb,zebrafish,0,17.385195516813933,9.59718545600737,7.349624141259176,19.043297239273254,14.082171050838467,9.907201538689332,18.24908494013648,10.138897065053555,24.73006818015868,15.291898339003865,,,21.958881309906182,19.00940643795377,34.658440994954134,27.8689374101757,10.13243608278998,13.313863066610942,25.279780785998035,40.70044208837159,28.197971199849256,11.812101229431649,17.841354567434138,19.629272657996342,17.94295112507611,26.555253306733725,17.277378720917017,19.554882713521504,10.251320140267268,23.82075305437503,19.688277019721873,13.364468019105798,17.957885790106467,11.722779666173736,24.131232263805924,12.154310077048718,12.959557699546023,26.918728381479095,35.852002226345824,18.358818843078502,18.553086862118466,22.277792881648587,18.358107459138907,25.804232536194945,10.636092992877439,26.9202595303338,24.912305015590462,10.496229051098009,15.79653314938651,34.628104536983,24.075312764330377,20.645830026707387,41.52168381468269,29.979756822609144,24.161674367683332,18.87828500993632,14.627217146717019,,,,,,,,,,,,,,,,,,,,,,14.590636711208052,50.90632531460866,49.56397457615826,7.641480469133407,37.698728535483845,33.45617884782119,16.069002670319144,34.05677403768027,40.88845793561052,-6.007585820488581,26.512204103568205,36.07888610494352,-1.2570373514776592,28.032612807320472,48.04010604209855,10.894129070474559,41.538362934190246,50.67904097457974,19.11408660668164,40.96771811389891,57.18115500658048,9.135988474544739,26.418325536339015,46.45720840184659,6.100083742466459,21.208140738681788,23.06011958545809,14.55234673161441,31.504024850545132,29.10242892664314,,,,,,,14.11981099249381,11.127121514562267,16.373077437888714,26.287039544906122,-31.295835660323277,-40.591985236972995,53.658631129806224,18.934606642969253,2.280099404121502,4.245001778777266,-43.541554024573074,57.19651741605279,52.105890487871626,,,9.1888306343017,35.853572747017026,42.746339032642574,61.199999999999996,0.0,2.8000000000000003,4.8,0.0,11.600000000000001,5.2,14.399999999999999,,,,,,,,,,,,,,,,,,,,,,,,,,,,,,,,,,,,,,,,,,,,,,,,,,,,,,,,,,,,,,,,,,,,,,,,,,,,,,,18.216975420317542,14.05853652945161,8.395244593787705,47.99304098432089,26.34213962846627,105.66481938721284
12,5ow9.pdb,zebrafish,0,17.45410436983629,9.31780091975412,6.762971079508393,19.078137911422175,13.911474593644614,10.02762699567418,18.436503495040377,10.193783710348997,24.469758837940763,15.136193849358675,,,21.296792213655717,18.821956152605004,34.64356105456378,27.643913062361587,10.097261731097255,13.18669811496926,25.293333641174314,40.634527111869126,28.18024789066313,10.9775916005752,18.804710455197725,19.950736575387694,17.53514142177806,26.08493594052322,17.476609749520932,20.11479725579803,10.086125595272158,23.55435699426539,19.040685403936866,13.032672381732898,18.09022287189467,11.60888543842886,23.95877108704186,12.202382985256083,13.063259842533139,26.949198029837117,35.971196114535786,18.44574798533146,18.54013402726197,22.439641172789944,18.158883243200354,25.629297476980163,10.29921079863411,26.613387704041553,24.745037697544056,10.459170661716978,15.803093773040805,34.487862069343,24.04604712677072,20.81237929953834,41.534628026255135,30.132981470212965,23.98105905360436,19.000378916872723,14.679978699289526,,,,,,,,,,,,,,,,,,,,,,-40.4014772088304,39.11625602289095,3.6309993760551906,-32.290399893055515,25.861898947672522,-10.93216655349996,-25.370563039560057,30.61961819824549,-3.861983896541746,-30.02536966162778,7.696399721826482,-6.630839870913763,-28.891922166516228,14.007242650130117,4.7506062596816045,-34.29447167640683,31.32251837381428,5.610097996789855,-29.96526675685185,38.65902475776634,11.678698311001758,-22.21063579145177,21.567792429658695,2.6836658927745503,-18.637482211487317,14.054039386051105,-19.807827655367703,-23.360356145175764,27.240661944045765,-15.413601679036177,,,,,,,14.197563642655425,11.235808110778125,16.33130075450057,27.39453198625793,-27.106332916411535,-51.39462213304284,53.84788904691901,20.045132016213852,1.8304242262347452,5.858945343266622,-43.02101049761863,57.17988717059357,52.258043410277345,,,-30.070738164195166,26.175555119071674,-1.888044949068347,62.0,0.0,2.8000000000000003,3.2,0.0,12.8,5.2,14.000000000000002,,,,,,,,,,,,,,,,,,,,,,,,,,,,,,,,,,,,,,,,,,,,,,,,,,,,,,,,,,,,,,,,,,,,,,,,,,,,,,,18.194458164674767,14.217193835355376,8.434449443164773,49.322823874622934,26.738715349793825,103.93846077558325
13,6fob.pdb,zebrafish,0,17.563996851145237,9.41857605671821,7.378062655858342,18.96557202549578,13.82241376213916,10.037296733483881,18.69221989355618,10.200983828576586,24.459675845930764,14.334276863175367,,,21.938101249829103,18.98880830843238,34.800263728079415,27.66711794057497,10.23686672200335,12.643321051658583,25.303975585774975,40.67570560543141,27.957307309231204,11.822191956554652,18.09035782954256,19.591071196299296,17.8861027851471,26.761666604730568,17.377865134554867,19.584697542854073,10.020120007196043,23.932124302344207,19.41458133226306,13.25595337749167,18.681675091023507,11.745820947407973,24.096136026403357,11.46776532499703,13.1238122809265,26.92652607825098,35.923793660558246,18.405689411745673,18.569796120305636,21.61899917010101,18.02088141261943,25.39392202549134,10.34991598992237,26.82977754260356,23.695374936328662,10.106712011016205,15.69843015789923,34.478899344169335,23.35453248012997,21.134095298081302,42.06197324028445,30.057818921853162,24.09902321301178,17.756341486710497,14.381290124076099,,,,,,,,,,,,,,,,,,,,,,14.420932479666451,52.34310259668831,48.718696778782665,7.0890107558449795,38.8109871138424,33.08523712193031,15.604311096817062,35.273712214973024,40.483991682698964,-6.680789982418508,27.559062746833707,36.40906504595499,-1.2722899021925056,29.563276561747355,48.1974365471973,10.668789948043878,42.92236545249598,50.12033095590718,17.983822203744552,43.54142956814398,57.066746606614736,8.766782383034233,27.786878688918076,46.41356456528527,5.218458620618182,21.94741997719844,23.303544222315516,13.447208017834006,31.814221235146242,29.765387761649208,,,,,,,14.195833078100527,10.927799542386897,16.332245989549467,27.540089314659298,-32.245470250503885,-40.378274897661356,53.806793389060786,19.11388335692157,3.6164057648307124,16.023775792945177,-43.57618273691923,57.17379617444627,48.59924056267899,,,8.661940834399704,37.080401105642835,42.208862386724306,61.29032258064516,0.0,2.82258064516129,3.225806451612903,0.0,14.112903225806454,4.838709677419355,13.709677419354838,,,,,,,,,,,,,,,,,,,,,,,,,,,,,,,,,,,,,,,,,,,,,,,,,,,,,,,,,,,,,,,,,,,,,,,,,,,,,,,18.343128386488704,13.93589694705077,8.564297693766743,46.66749878193775,26.552214220647112,106.78028699741515
14,6fo7.pdb,zebrafish,0,17.37013459113123,9.583819084624285,6.948911126769886,18.773611632381368,13.871071940839316,9.87601830736251,18.375039793983717,10.228224502886075,24.74091688806219,14.512835876077807,,,21.994169748881298,18.78077008228393,34.501650983499545,27.715922208693026,10.100738394576446,13.15231804200521,25.240082414836962,40.767976594075506,27.935258521247782,11.477678100373204,17.82824551286586,19.572215788650862,17.94590713946247,26.613796944046875,17.366040022175625,19.637267754849628,9.970287757905496,23.24313343599572,19.088532245597868,12.96271222190432,17.9772755263463,11.54675389731759,24.100844401653926,11.467866760764226,12.732214347347032,26.703006224999026,35.68266698723593,18.100851932821346,18.524086077881282,21.403588302759744,18.217558853165098,25.729624246981906,10.416778590320952,26.76056038591878,23.685293884645876,10.489369245836881,15.741370338483069,34.59517107357312,23.35197000247884,20.727217112741705,41.59467051197232,29.388095533614088,24.13878139531195,17.76244281914857,14.514710907534997,,,,,,,,,,,,,,,,,,,,,,14.19853104782242,53.38448375562227,48.0895039512547,6.542593008312916,39.52788391478361,32.8210804396846,14.702240189561195,36.33299828326032,40.23390434524311,-6.930049857566699,28.552592639520878,36.80570259223892,-1.6892169525171827,30.674653044905433,48.21358636987441,10.509523941673143,44.12206776225657,49.709316487412565,18.939296611805414,43.964954532042434,55.94959815880299,8.410684004694065,28.87460326797378,46.4077354195298,4.392428157898445,22.371959582662818,23.51122886717041,12.830564668731487,32.49747119470574,29.589773063624502,,,,,,,14.259515775202193,11.4179705483329,16.524282252556844,26.40424594250105,-31.586837000591316,-51.73144997036752,53.66919833109718,19.192554473378134,1.338672471417097,4.926152878111431,-43.06300017420095,57.18104743264195,49.0363481688058,,,8.280498869305346,38.17271626151197,42.14807310059428,62.24899598393574,0.0,2.8112449799196786,3.2128514056224895,0.0,13.253012048192772,4.417670682730924,14.056224899598394,,,,,,,,,,,,,,,,,,,,,,,,,,,,,,,,,,,,,,,,,,,,,,,,,,,,,,,,,,,,,,,,,,,,,,,,,,,,,,,18.43310999523523,14.212071054600838,8.44986723226953,47.81339999720353,26.13852888987797,106.04807111291849
15,2hc4.pdb,zebrafish,0,18.413256527462032,9.432042617863795,7.232882020107557,19.076811176548496,13.850858230352857,10.0884699618329,18.390638684032453,10.27931632902922,24.50055585741439,15.01573231756982,,,23.22767030907017,19.78847218410757,35.79916278595719,28.597237679996564,10.507458913721676,12.601931603456883,26.317202367454055,41.81981337528496,29.272472211293177,11.840150277969636,18.041025560671756,19.256810716352447,17.94712194148344,26.55958459231626,17.010573495167247,19.569750088529375,10.188463595013658,23.877899487123486,19.179783897246832,13.357688098193908,17.946515517704356,11.594443475002953,24.117791752403786,12.14543041040005,12.5469250654426,26.985610440828406,35.869584043772186,17.927471455981596,18.464903167813826,22.30492065126034,18.421430665934324,25.799746662245692,10.235175728342838,26.078442281001198,24.187162148735347,10.491763332532454,16.381633879205687,34.58115234693771,24.029795069244592,21.29060594468231,41.4774133601291,29.958650671349194,23.255205833403405,18.226743076826946,14.648278659238986,,,,,,,,,,,,,,,,,,,,,,14.955886644826565,51.85375895903465,50.370740068270955,7.17542655804951,38.25774531708425,33.22030211838677,15.720993516474426,34.669437321759254,40.588238715200525,-6.417734219297154,26.8077785066944,36.31914761356506,-0.9769598673677891,28.276820204129166,47.52919754835203,10.683124883483236,42.25427378383267,50.36156807673113,18.994249395664234,41.7612831286786,56.745866580312196,8.941410284724126,26.687883857319143,45.56449986119083,5.422236223592564,21.566816866759197,23.154799167972822,13.951017035822268,32.015626844197406,28.869196388244305,,,,,,,14.073111261833755,10.871337419244885,16.168177663652127,37.96795012556949,-32.335247069801866,-41.44049677686575,54.097393327307024,20.591725235766692,2.643240048749365,4.777542019320844,-41.18749693675744,57.18334804355531,52.140880473497525,,,8.921997431369924,36.43799199205788,42.30883423120472,60.4,0.0,2.8000000000000003,3.2,0.0,14.000000000000002,5.2,14.399999999999999,,,,,,,,,,,,,,,,,,,,,,,,,,,,,,,,,,,,,,,,,,,,,,,,,,,,,,,,,,,,,,,,,,,,,,,,,,,,,,,18.244624109721514,13.983093665492934,8.486332319072677,47.46132752336192,26.56266773920459,105.97600473743351
16,4ia7.pdb,zebrafish,0,17.57271083731452,9.151664137586877,7.214413482286142,18.987741167505334,14.145478190575108,10.170011329726686,18.528267971311006,10.243633116231184,24.51018439588567,15.005356011185476,,,21.232100559655077,19.00631253221759,34.74534897745777,28.36807549730769,10.205714518401477,13.366168840328676,25.806676181917716,40.707215980514334,28.171117956578673,11.2933339030488,18.68518414742461,19.802386537830454,17.496763629393772,26.01498154794675,17.053370101700516,20.196307635129024,10.17498527272463,23.829785754440216,19.52041553363656,13.369204614468838,18.015331493179392,11.520970515725535,24.125716372174896,12.154651210967856,12.419645921289034,26.99555233767012,36.00712443254999,18.074864380722918,18.568300666932238,22.20071663406655,18.807721260994942,26.340902464845133,10.688918867869276,26.20097202818411,24.38231029547667,10.550370744562784,16.42422219738869,34.67132789473643,24.08153195804365,21.40666467672565,41.60487281977244,30.03409528268505,23.301834561709004,18.147348870397597,14.567342539259581,,,,,,,,,,,,,,,,,,,,,,14.493228468237923,51.60648376871286,49.244224396965876,8.06945515509615,38.6731852713884,33.67929521062591,15.82446437581585,34.621437633651006,40.819502750494294,-6.274889300852242,26.975249673247706,36.235501676078854,-1.295617022540656,28.098703778458482,47.557705669211735,10.768808391083452,42.20221425620852,50.60253910872479,19.132158700126926,41.77414096985086,57.019816390988325,9.124299426928552,26.61558609935409,45.692581088948835,5.782070355040171,21.56581921990219,23.191362161178034,14.150063813308964,31.931535969685008,29.085093610927363,,,,,,,14.075444422543857,10.999195060286429,16.141587567787163,26.87122231892383,-27.746707990473915,-40.54271460625662,53.71860053680143,20.836782344115978,3.3718388489927325,5.051190107313519,-41.45346125517354,57.14893000921668,51.92557587229392,,,9.017127267058779,36.34115820295484,42.477961234944324,61.84738955823293,0.0,2.8112449799196786,4.819277108433735,0.0,11.244979919678714,4.417670682730924,14.859437751004014,,,,,,,,,,,,,,,,,,,,,,,,,,,,,,,,,,,,,,,,,,,,,,,,,,,,,,,,,,,,,,,,,,,,,,,,,,,,,,,18.21218840480291,14.082491087837411,8.43165352570452,48.26100924307782,26.536372296427075,105.20261846049512
17,2hcd.pdb,zebrafish,0,17.868182950354605,9.350572735165846,6.746348225054461,13.43102592494539,9.951216606332633,18.577018835961802,10.189767255016363,24.63466175610743,15.271537777583468,,,,21.810929461854887,19.085802970128462,26.328851033722202,10.400738348972663,12.451501597386082,26.04551733580647,41.133248202723976,28.662946482673636,10.942088804294194,20.02665065674511,17.497073039514863,26.292205033087694,17.002488631429745,20.097071147184113,10.167918803595462,18.9295726986892,12.952514301633864,18.69149254741323,11.27335444037367,24.046879596610125,12.296030577185856,16.488087301758394,23.83979163032901,11.601966322818981,28.70739061077223,25.610506766027473,10.122047597909491,16.37917483813363,34.575836353421,24.097115615931923,21.896029897951994,42.172921369468725,30.829579181643275,23.218822633306804,18.160909552865647,14.521612285659511,,,,,,,,,,,,,,,,,,,,,,,,,,,,,,,14.750196593052772,51.45325444481419,49.64083404412134,8.035165101406877,38.392020666981644,33.515414103635464,15.274804132196584,34.56177876057288,40.77118291495496,-0.9971560693171837,30.35341132425949,49.47989563706772,10.744678464258616,41.888427890266215,50.444124592494596,17.94655173259954,42.37443165619311,57.54008607354891,9.136147250976368,26.362550912442266,45.48054324597444,5.746151044930085,21.384273016630704,23.056484750866417,14.134683234407785,31.718475451481577,28.86286151410147,,,,,,,,,,14.064850935911597,10.91426482542047,16.46945848617705,33.59838216872347,-26.12553753783237,-51.24114354900838,32.07909772743961,3.0521138065329145,15.617961880865149,-41.367470837203335,57.14907723757931,52.40869008587102,,,,8.952408142984842,36.116596470266344,42.53840254446294,57.199999999999996,0.0,3.2,5.2,0.0,12.4,7.6,14.399999999999999,,,,,,,,,,,,,,,,,,,,,,,,,,,,,,,,,,,,,,,,,,,,,,,,,,,,,,,,,,,,,,,,,,,,,,,,,,,,,,,18.22892542912842,13.741798090305798,8.670720730463461,46.23999462525435,27.111067571911924,106.64893780283373
18,4ia2.pdb,zebrafish,0,17.35619697822499,9.282000148690187,6.705816171417805,14.169304608350384,9.969990939721372,18.30058527428834,10.260536589266227,24.670410174346188,14.409522344348819,,,,21.22278208216436,18.772109908531306,27.918286017542925,10.07855234480423,13.275574672193818,25.67468672744306,40.648656774166824,27.855117380798653,10.927366642133615,20.044114691987446,17.480457423320676,25.951968907547165,17.024660108823817,20.15802354908024,9.984485537683737,19.175658384102555,13.01088375368432,17.918969438873617,11.194491673443029,24.01394935637901,11.445407840604522,18.446712250916978,25.880717916017716,10.99915251930604,26.86780672553734,23.85327482042774,10.506748118934475,16.393357466743204,34.63080680023411,23.405212000836762,21.27436632531067,41.50172060601793,29.291510902689595,23.287456691359083,17.000198842152212,14.45900473582187,,,,,,,,,,,,,,,,,,,,,,,,,,,,,,,14.512625157411104,50.8612552579562,49.45447006877176,8.281112857095277,38.131327730333105,33.65815154515643,15.400585632420698,34.157981162192115,40.93365607628393,-1.295366408465712,27.896424661896212,47.986596605299155,10.824051093295221,41.55347463795147,50.610696115163535,19.08548701476646,41.002295007816464,57.0788205392514,9.274695322821236,26.025801574902264,45.587446671229834,6.0647508598738105,21.136458178587358,23.046456966923817,14.12739557572722,30.89204635822618,30.038243391417318,,,,,,,,,,14.085719529554252,11.109251274673234,16.26091957895243,26.50986296341516,-26.964849493176906,-51.6240673271473,18.225412695487876,2.0832934517001482,3.8992560965167784,-41.104271772415,57.19662461946223,48.49962655423278,,,,9.131693291999108,35.84496117549862,42.613851833854,60.8,0.0,1.6,6.4,0.0,10.0,6.4,14.799999999999999,,,,,,,,,,,,,,,,,,,,,,,,,,,,,,,,,,,,,,,,,,,,,,,,,,,,,,,,,,,,,,,,,,,,,,,,,,,,,,,18.272394723304043,13.970146987233749,8.32538399391579,46.863421743926395,25.77725279899031,107.35932545708329
19,4g21.pdb,zebrafish,0,18.030693497986427,9.257250052083489,7.2563444082408095,19.287378593488775,13.835753759468426,9.964663031699985,18.374867105325443,10.26653740867328,24.587349378900043,14.338378875822071,,,22.388584747109068,19.579281189662698,35.26044857077416,28.096694008410406,10.233172913563283,12.010547209958421,25.582729076387803,41.56078569221559,28.897980321201366,11.459586719832817,18.671029758976356,19.532967299457813,17.487364340889208,26.137264998950524,17.411874987182077,20.073717238959436,10.012969095379404,24.28193020537649,19.206604497865975,13.41426371208437,18.366889126354774,11.835443153735609,24.144684685270896,11.539952038054292,12.884634727378556,26.824468110752374,35.91369373395634,18.82673760974406,19.18596317433972,21.925005859927076,18.18527611287804,25.561604006606753,9.976844134166004,26.252847231943495,23.184489399014527,10.27114709115532,15.828760566924627,34.5481118470743,23.467375181609096,20.95150143766781,41.82523123399195,29.828575262275177,24.11896539764077,17.780559967320105,14.301194679480489,,,,,,,,,,,,,,,,,,,,,,14.999293128923982,52.73283171904775,49.71393087825061,7.650405337228075,39.514561021210916,33.20575426899858,15.715063192569822,35.566107984612984,40.32566579116119,-7.296541624495485,28.82265826791448,36.50413937356956,-1.0253775160394678,29.74006949054465,47.7221904267327,10.719600774627025,43.44103199994136,49.96793719996675,18.54961075469998,43.56572945783823,56.61412835160393,8.730554720809753,28.15785445041386,46.35991268917963,4.96088804246687,22.27835482771259,23.27429835528243,13.266427147234937,32.04400584091596,29.612614356231695,,,,,,,14.072721616571473,10.923732923878156,16.389584945417628,37.64213814923134,-27.739349414748034,-42.39885572174941,54.08445851631492,19.75315078157684,2.485208434128497,21.672244002292373,-42.767748454625256,57.195087800925236,48.97351718890887,,,8.968046733487837,37.51786892764786,42.1485569818602,60.1593625498008,0.0,2.788844621513944,5.9760956175298805,0.0,11.155378486055776,4.780876494023905,15.139442231075698,,,,,,,,,,,,,,,,,,,,,,,,,,,,,,,,,,,,,,,,,,,,,,,,,,,,,,,,,,,,,,,,,,,,,,,,,,,,,,,18.47908126690071,14.120181921457558,8.71702044994101,47.395755776201135,27.025996946530167,105.5782472772687
20,5nky.pdb,zebrafish,0,17.428973728741397,9.533879773256505,7.568368294674072,18.987947268332036,13.894948992501096,10.029576438663243,18.534285557423228,10.28579268067301,24.47360186401929,15.133905290363009,,,21.949693274056898,19.01414833786818,34.663795472500865,27.692780265546684,10.081202934574836,13.244101634763213,25.29220230261992,40.5948337579288,28.098382886712194,11.968258369805659,18.086062435250184,19.58164581467584,18.007358498809822,26.706050090565455,17.492262609233283,19.495371423399813,10.116888335928605,24.067063972762575,19.66054043085338,13.405775103594527,18.064568235764963,11.97761968124703,24.11709688207457,12.126849769126048,12.826296012450678,26.95676328410236,35.99642064007508,18.333394517826598,18.467196390404315,22.427145610330406,18.255086267238628,25.838841792276167,10.374920719387916,26.558038856394095,24.70798191824104,10.53518945286171,15.807096905221758,34.48668327978027,23.983878329653,20.832206367128887,41.54678505605528,30.045237590677164,24.062574706048473,19.026465581850246,14.720492116493228,,,,,,,,,,,,,,,,,,,,,,-40.47404885508251,39.24775548026638,3.5731186068440803,-32.196885358240955,25.149133661129408,-11.072920518895252,-24.886243541755576,31.277927518944225,-3.8457765127272614,-29.729615507752445,7.844987124820076,-6.426981803568494,-28.981369047576422,14.080170379699446,4.7567781371631614,-34.35951261109149,31.50283117867194,5.636912853267989,-30.00894174776006,38.95167486636654,11.68484453997813,-22.23469825624044,21.73884911350147,2.8950442089856643,-18.530648222582023,14.213166173786803,-19.658261782003915,-23.260749906750537,27.431244326556165,-15.23091086340182,,,,,,,14.279060551774776,11.273513863813015,16.302715555318144,27.309508210788724,-32.283773567642434,-40.57483870309701,54.362801269660174,20.421154790702182,2.969407840706724,6.624825250228588,-42.995389996282775,57.151415947706695,52.08304221618155,,,-30.178560271901485,26.26050984655599,-1.8216465335876633,61.44578313253012,0.0,2.8112449799196786,6.024096385542169,0.0,10.843373493975903,4.417670682730924,14.457831325301203,,,,,,,,,,,,,,,,,,,,,,,,,,,,,,,,,,,,,,,,,,,,,,,,,,,,,,,,,,,,,,,,,,,,,,,,,,,,,,,18.0695455176667,14.156041026531373,8.466191439123012,49.72472753901066,27.147960271088557,103.12731218990079
21,5owd.pdb,zebrafish,0,17.48444957804541,9.204522576240135,7.155952431170296,19.31856423089636,14.148157217327935,9.972480716272676,18.467826165867137,10.36729801365771,24.476111219530697,14.97340303334173,,,21.46992304542692,19.101108511520092,34.93543843287298,27.753479065777245,10.196180353074787,13.072640232555925,25.399815842610398,40.781623995461544,28.28712411832908,11.36910135779059,18.866330800256428,19.902724184175568,17.477156805982876,26.176653077769682,17.50859575671969,20.11846129753788,10.098646422879632,24.04102540040438,19.530043056058776,13.346671217589734,18.23763715361166,11.905284329137773,24.04624639951746,12.131315234475165,13.045081794139925,26.984455799611393,36.08227420977584,18.43637864496629,18.479390285919678,22.425586009811877,18.113039269919774,25.676539303030044,10.356032317574401,26.63251478059535,24.71680789804806,10.537037096533917,15.789646270454583,34.43812236597982,23.975599065927298,20.894268732081954,41.63681327977983,30.22628829739266,24.002715301605967,18.99701909573545,14.665895109600452,,,,,,,,,,,,,,,,,,,,,,-40.219134028828606,39.208720237148476,3.750422894328007,-32.25335714989636,25.71963488943416,-10.931149595487291,-24.871469507663253,30.885877264536244,-3.9975978185938947,-29.831839229639556,7.510077372472806,-6.63153288430758,-28.91344053093649,13.880744426898016,4.715065906858109,-34.18733174791209,31.188614660240724,5.555239109794772,-29.91242734300092,38.55028508485235,11.76492120004718,-22.115783449161597,21.424487214867337,2.6825285000185954,-18.61525457845519,13.917796204540398,-19.845814305229574,-23.307018184713993,27.086558869826465,-15.41190818374305,,,,,,,14.030886903932497,10.90109569709208,16.152927350089882,26.97526911144287,-28.26421952158214,-41.80798600532434,54.02009272627486,20.984509067107552,2.3517219482402445,5.561424595049772,-42.23239678040859,57.17846558038749,52.28377330514424,,,-29.97534790454888,26.272090456309048,-2.0300989506895255,61.84738955823293,0.0,2.8112449799196786,6.024096385542169,0.0,10.040160642570282,4.819277108433735,14.457831325301203,,,,,,,,,,,,,,,,,,,,,,,,,,,,,,,,,,,,,,,,,,,,,,,,,,,,,,,,,,,,,,,,,,,,,,,,,,,,,,,18.261250221409473,14.324064501626108,8.420350642188787,49.62960490613042,26.606748504977226,103.76364658889234
22,4g1y.pdb,zebrafish,0,17.85585357644157,9.576063502864677,7.2006764655331335,19.07772130360443,13.903311234923327,10.499601777975966,18.457828688064524,10.29859587057832,24.56521480686827,14.342712168028298,,,22.521994365986682,19.37605117554815,35.25065403809557,28.437284949554027,10.280173739512323,12.336778955158419,26.081764844611772,41.1192485095188,28.335235354236367,11.796811234697287,17.95158673425721,19.35206998116454,18.39971709383636,26.759290110210085,17.07568575126959,19.49896236317428,9.953401353546957,23.71498840166846,19.155741224388887,14.149728106550498,18.720410527950232,11.59780889172547,23.98265786354745,11.373110840576821,12.574367115815225,27.087354143945017,35.822722424492795,17.878948238521037,18.396468755137192,21.45554455180529,18.564271848048158,25.768934477652714,10.171963359389009,26.065238785894188,23.1836715573219,10.139213433620599,16.88157868019245,35.0609947224742,24.045892423949184,21.81014326725114,42.006550695951965,29.99104552297087,23.261254105517324,17.14824400420158,14.389941309618598,,,,,,,,,,,,,,,,,,,,,,14.638842746754793,51.774577739131125,49.3691891896509,7.001667499773804,38.2031429574727,33.098665460046234,15.524036827166139,34.61085414489415,40.42187769523548,-6.4661120706351545,26.764446532722058,36.266409739945,-1.038801394587254,28.120825612201973,47.52781475804558,10.052379307967502,42.668896896465604,50.68558640582099,17.890067153299633,42.741860408133356,57.11745818762841,8.824756398392381,26.64048957513334,45.53089926993419,5.287259522816733,21.543516921104178,23.112314832445325,13.431319962917474,31.400771704913755,29.713770624111064,,,,,,,14.045597547557835,11.061167084467282,16.200165394648096,33.757274468284116,-31.680241036000297,-42.31784245552514,53.93077471345638,21.347744157956416,12.74276276892899,15.43530910829548,-40.91721486527973,57.15226822168763,48.47439412015831,,,8.823430015507371,36.429343068914534,42.330989517536636,60.0,0.0,2.8000000000000003,3.5999999999999996,0.0,14.000000000000002,6.0,13.600000000000001,,,,,,,,,,,,,,,,,,,,,,,,,,,,,,,,,,,,,,,,,,,,,,,,,,,,,,,,,,,,,,,,,,,,,,,,,,,,,,,18.130841959527963,13.961241846430934,8.336960736945828,47.73684888384645,26.227046821824455,106.0361042943291
23,4ruj.pdb,zebrafish,0,17.56804887463043,9.13805783258832,6.713377075387084,19.01840982282034,14.18104405079714,10.002059156448748,18.387357354004795,10.335569640658225,24.533821445961088,15.071985407054523,,,21.41150577461631,18.976402027156002,34.812329134020814,28.131807973631105,10.293625933784927,13.296129592604974,25.88034332440959,40.80232655978761,28.30699967214409,10.949513033996581,18.705115335464406,19.878004024526756,17.44061772447166,25.94905435850746,17.020353485621413,20.108249054719128,10.152130750609226,23.36425958403378,19.135264422965292,13.009395433094703,17.936755929917656,11.314765210474272,23.994463247205623,12.192574038536378,12.608960487120335,26.8454640829673,35.828807840129926,17.885298286451413,18.51210602043534,22.298271627301666,18.445899981653298,25.982363406108814,10.767588313236661,26.533112824889933,24.68533000124397,10.53009009353623,16.336417470107655,34.52511249824126,24.016448232213037,21.34456498918237,41.479849744666296,29.958985844214848,23.2385132603317,18.223862897472443,14.62714287327966,,,,,,,,,,,,,,,,,,,,,,14.341370993158941,52.19546531848604,48.82278387831759,7.6970692542640995,38.97040729919103,33.350108792049305,15.00593711922757,35.133235242271255,40.543744647425875,-6.625967054977745,27.33435123316804,36.40529615545847,-1.5985088294658576,29.036053974978223,47.84272401905658,10.566168701591549,42.71036372141658,50.14165848028101,18.971006969694745,42.35725582911298,56.47544138478688,8.748236422836056,27.140609789777837,45.54204757328926,5.126128602784576,21.7919075170264,23.21940844866966,13.745758675852672,32.22461319113643,28.770438835560768,,,,,,,13.920639162745745,11.000206398780241,16.402885770525046,26.128952420247888,-28.280776027755213,-52.12651088308088,53.81474658327283,20.667822035195037,2.7088143263114732,5.339954793317538,-41.02913304045663,57.18224471524172,52.17487889875018,,,8.747823031087991,36.91839333743736,42.1925776867069,62.15139442231076,0.0,2.788844621513944,1.9920318725099602,0.0,13.94422310756972,5.179282868525896,13.94422310756972,,,,,,,,,,,,,,,,,,,,,,,,,,,,,,,,,,,,,,,,,,,,,,,,,,,,,,,,,,,,,,,,,,,,,,,,,,,,,,,18.31148672032821,13.839437179321,8.562253726488779,46.18638232678817,26.515539586088117,107.29807808712373
24,5lga.pdb,zebrafish,0,17.441830036214768,9.588968757266048,6.7973144828299015,19.65787388048366,14.391476407823129,9.826778787895899,18.28159633648553,10.403321828280761,24.71672304446464,14.506709524638463,,,21.990340346860005,18.877857093944158,35.155794459726785,28.40651898478102,10.348788483215186,13.53781730519073,25.973012388124467,40.74781063004899,27.99449717291417,11.449211934310314,18.497872104608046,19.767247163490783,17.912511913779742,26.6299562764781,17.05395218583561,19.576586362631815,10.02743031229323,24.11100717271391,19.46276929156027,12.959753650900659,17.995221717874912,11.419435895904781,24.03152281986756,11.485978841512043,12.829956357338737,27.28318081143995,36.316655546872035,18.636752085524552,19.161466842529677,22.305754318552136,18.714870908777936,26.163298391087327,11.069303850322646,26.627085042948796,23.882554358751133,10.52794173058352,16.40772309907689,34.53119264179267,23.382702151369713,21.355264786128743,41.52404039797839,29.432038519228822,23.21466562522311,17.089349478954375,14.419073306959248,,,,,,,,,,,,,,,,,,,,,,14.517785614752395,52.34219779848562,48.458715488528846,7.0600658379562455,38.59043249018839,33.004058093198616,15.112888447593138,35.26585945655046,40.4326323896893,-7.405290591664896,27.601401488800047,36.49202790570856,-1.7485717199520359,29.060442422206116,47.91483453509128,10.753242630627767,42.828314798333786,50.01167055884711,19.05941018839546,42.41709738672782,56.46736864853822,8.890464335810798,27.156510013461094,45.524135700466445,5.150195496137333,21.71395031779419,23.2685828415284,13.448229996167633,31.617558312186166,29.669430219898466,,,,,,,14.07854422447344,11.14299923978465,16.46375681638726,25.894334809628578,-31.783885119240434,-51.93720306507315,54.23204267522617,19.759622626384257,1.2088857434257676,4.467652937070666,-40.806044445066576,57.17533401923213,48.87785503789965,,,8.825410851022935,37.04808051773374,42.30207020363008,62.65060240963856,0.0,2.8112449799196786,2.0080321285140563,0.0,12.851405622489958,5.622489959839357,14.056224899598394,,,,,,,,,,,,,,,,,,,,,,,,,,,,,,,,,,,,,,,,,,,,,,,,,,,,,,,,,,,,,,,,,,,,,,,,,,,,,,,18.26114650397028,13.917510792580648,8.535902926274984,46.99484692871533,26.648577870547143,106.35657520073752
25,4g20.pdb,zebrafish,0,18.08075767865055,9.203078520356955,7.45879639052329,19.236926005983765,13.88293451467288,10.210796323287415,18.762771724940198,10.361818501360675,24.42458142151811,14.211396656565187,,,22.709588043393666,19.475355630903806,35.29131482804934,28.03837562437676,10.318129042960996,12.67670130721573,25.662245485208594,41.33860713189887,28.576802666650575,11.992086802232492,18.083954224244803,19.28122482994953,17.93533874546227,26.777698509656876,17.3032932543971,19.451787892321345,9.966957012234548,24.540851856005002,19.444531535359218,13.364221577501892,18.353503519029772,11.854973821822796,24.302508580495207,11.586394809416442,13.093261817482247,27.093467897837023,36.185297002254266,18.95961951416324,19.18413784657031,22.174176164428957,18.194404099036216,25.591224373150826,10.255584046694533,26.637560859082768,23.544549657040424,10.332116623307572,15.851375280115773,34.62254591444931,23.436275536519304,20.975656710185238,41.96856793288221,29.855625327728553,24.250429739472377,17.866855098305468,14.461674877020625,,,,,,,,,,,,,,,,,,,,,,14.552554491711188,53.81268707785975,48.54777390671932,6.480824434754629,39.513678508124556,32.859851261865664,15.404098464113,36.24909426138411,40.17612190784311,-7.863845206251907,29.224520159734606,36.783252051579126,-1.4989285322402832,30.827672102827975,48.112472880982324,10.571240496628128,44.356203745976906,49.6376586774969,18.510766012061826,44.55205683757928,56.246607918784484,8.448891328380986,28.975945549013694,46.442445058057345,4.226292173552989,22.66010531695686,23.412830187420354,12.807032777998955,32.58549010712391,29.495401000405792,,,,,,,13.97407706035184,11.1935682625226,16.24684702022475,33.7554291380056,-33.80291423951513,-40.44114856912478,54.08923121885983,19.657368533235022,4.013921379424397,21.94169514676943,-42.77595424391763,57.18459468301246,48.54419782713847,,,8.390351212215222,38.22421481271968,41.769825735243764,60.483870967741936,0.0,2.82258064516129,4.838709677419355,0.0,12.5,5.241935483870968,14.112903225806454,,,,,,,,,,,,,,,,,,,,,,,,,,,,,,,,,,,,,,,,,,,,,,,,,,,,,,,,,,,,,,,,,,,,,,,,,,,,,,,18.229972171579828,13.880784375684906,8.54593928800355,46.952538913466086,26.738698248844745,106.30876283768917
26,6fo8.pdb,zebrafish,0,,,,,,,,,,,,,,,,,,,,,,,,,,,,,,,,,,,,,,,,,,,,,,,,,,,,,,,,,,,,,,,,,,,,,,,,,,,,,,,,,,,,,,,,,,,,,,,,,,,,,,,,,,,,,,,,,,,,,,,,,,,,,,,,,,8.733124708804448,37.379157958038036,42.07651387310479,62.19512195121951,0.0,2.8455284552845526,3.2520325203252036,0.0,13.414634146341465,4.878048780487805,13.414634146341465,,,,,,,,,,,,,,,,,,,,,,,,,,,,,,,,,,,,,,,,,,,,,,,,,,,,,,,,,,,,,,,,,,,,,,,,,,,,,,,,,,,,
27,4g1d.pdb,zebrafish,0,17.101471503546392,9.424238198103073,6.692476433246375,14.053370161874078,9.961620152702386,18.590209721064387,10.510744027735086,24.65803586383032,14.299895637838336,,,,21.825011117818118,18.681662834337153,27.43319045142474,9.905154421362147,12.615164047389278,25.629451459776043,40.54192734232492,27.803273236814263,11.581929015563345,19.343785642057746,17.958545827456636,26.896040086765993,17.030669242331467,19.52933112075061,10.025102582309131,18.9466983187733,13.005024911298179,18.71839990261382,11.451454616541131,24.133800486491456,11.517939170561045,18.172710132089648,25.54628757769777,10.551633871561956,26.63716984090869,23.5444067056816,10.10844481020088,16.44574976451384,34.60918258088821,23.397495803063123,21.982787277327688,42.251504264586785,30.16297572253265,23.306368678751358,17.144029160408447,14.495729799897914,,,,,,,,,,,,,,,,,,,,,,,,,,,,,,,14.133040610719084,53.421968445257875,48.04513631601824,6.625062965889652,39.60354610335887,32.91197451953524,14.915118982667797,36.41836996476729,40.34640145954719,-1.4136824560206387,30.81960387603043,48.15674326014105,10.657736566988355,44.307856898779725,49.767726410327555,18.015872404707665,45.06183211058241,56.65757509186875,8.581962775600891,28.512273750480755,45.68686847489662,4.494071149599611,22.618633024599976,23.51163539747012,13.020893710573056,32.61020587301429,29.642536755358094,,,,,,,,,,13.997642983060123,11.082305579172585,16.35194253193145,26.244372514525498,-33.097470665836425,-51.96089575297278,20.576530929561343,1.335276912541573,15.009664622930005,-40.70359472376542,57.1808755077341,48.993054092052404,,,,8.730874934972192,38.35899775686556,42.013233826834124,59.76095617529881,0.0,2.788844621513944,7.569721115537849,0.0,9.9601593625498,5.179282868525896,14.741035856573706,,,,,,,,,,,,,,,,,,,,,,,,,,,,,,,,,,,,,,,,,,,,,,,,,,,,,,,,,,,,,,,,,,,,,,,,,,,,,,,18.223015022224395,14.146310383339989,8.560622621679327,48.86516772649377,27.114877624263425,104.0199546492428
28,4fhh.pdb,zebrafish,0,17.956444862767146,9.513475045803531,7.298531420751078,18.82265914139238,13.965786843941208,9.956733635264852,18.375299759745513,10.236138879083683,24.637792028329397,14.380297870013353,,,22.736637722688425,19.494897750166583,35.06861100720717,28.047111224363963,10.438377173016843,12.889880115558316,25.627162023743985,41.37644926440921,28.585950833464626,11.821703253122363,17.690513271742393,19.60761878268199,17.984411550012343,26.62091973675125,17.344616493810193,19.501017684760775,9.92673292112418,23.602752813588367,19.431225267672936,13.336168178944016,18.01047353048588,11.770149297045839,24.16811107990087,11.460281335264023,13.030962458110954,26.68020516693172,35.7039051209227,18.1493335212803,18.375096768841008,21.30050343879648,18.064606367830773,25.57064657073699,10.274575734894258,26.86484624380454,23.720046473266475,10.508419327727248,15.71786795413282,34.585021385197564,23.409354795250113,20.72219893103779,41.606364882116914,29.416499582614502,24.206213232293106,17.80691153616217,14.468162981929083,,,,,,,,,,,,,,,,,,,,,,14.705954552221954,53.0356897856119,49.217009173867,6.942596689630735,39.03755685516386,33.069648891405116,15.516606489973517,35.6355322703474,40.46324425988547,-6.529176709054511,28.13398312364014,36.61614874244083,-1.306340138048157,30.02294723008174,48.4042688360703,10.647950812254955,43.459354587475495,50.10364767151229,19.064403993635104,43.25475008957844,56.39239393864916,8.650072843463713,28.276012648107052,46.56444095282668,4.830541909546389,22.209690213094394,23.444067370063085,13.25423182500149,32.11039377693502,29.795859024460814,,,,,,,14.125833525670481,10.95437206171452,16.27822381757855,34.16309032679534,-31.826633708991903,-42.016695280550486,53.961791505580244,19.96312552252216,1.494110434481229,4.687131862134279,-43.24158225758607,57.19291597190193,48.69943613514823,,,8.726337134145712,37.58135396828458,42.300247497452965,61.199999999999996,0.0,2.8000000000000003,4.0,0.0,12.0,5.2,14.799999999999999,,,,,,,,,,,,,,,,,,,,,,,,,,,,,,,,,,,,,,,,,,,,,,,,,,,,,,,,,,,,,,,,,,,,,,,,,,,,,,,18.173255588800433,14.045735198359269,8.445606805337695,48.27295647341454,26.66413576317187,105.06290776341362
29,4fhi.pdb,zebrafish,0,17.5943646873112,9.414411946616301,6.655512825385439,18.668845794727424,13.95204568246655,10.067298371382392,18.749215625757287,10.239697970960075,24.58455049075683,15.081326539005824,,,22.121863396312047,18.918565876960717,34.53076554841983,27.698762189295355,10.188316390330236,12.641580145356397,25.36336037847309,40.899186343178215,28.36709335332756,11.365212333155291,17.62327800588573,19.631815687642725,17.953716214668866,26.895358685521806,17.34510039956806,19.59257650212808,10.135633933244995,22.990501011918685,18.91143833399517,12.970253455152832,18.760060964215004,11.512117824101765,24.076673599626083,12.234711264347624,13.076911393746286,26.65438104765605,35.70654095379991,18.037407728860416,18.324961103797225,21.893779062628063,18.06789460681822,25.440874840418058,10.233099544195596,26.954516131993863,24.767562181535038,10.189102419649943,15.764615950980417,34.64058809791611,24.062957027627643,21.23892756093465,42.28142702269458,30.827038420276395,24.219519212256323,18.96125529680484,14.650179848045616,,,,,,,,,,,,,,,,,,,,,,14.487621760493468,52.66614409654497,48.810059270898726,7.114652917689669,38.90622578163236,33.13585056567001,15.022698227580955,35.62534084265109,40.610251195257476,-6.259423593120201,27.94373516540144,36.532584974596986,-1.1894870382295826,29.83390951462625,48.43756695101374,10.748221384547838,43.28605198651492,50.16377552817034,18.13295605178282,43.89985598928871,57.15711140304673,8.71804419161559,28.068347379147536,46.58285900720627,5.0813241727901834,22.017084647033773,23.415174666201043,13.721363345345543,32.52832655089174,28.845762692867314,,,,,,,14.115060346273893,10.91650078936948,16.222215961829214,27.651441985410386,-32.48415233383623,-51.767775142118865,53.98365467012823,20.064671335106265,3.002575395947637,15.356289065094218,-42.894510162866055,57.18760900315507,52.111450026180584,,,8.811807050029248,37.352561105839364,42.26475774160665,61.44578313253012,0.0,2.8112449799196786,2.4096385542168677,0.0,14.056224899598394,4.819277108433735,14.457831325301203,,,,,,,,,,,,,,,,,,,,,,,,,,,,,,,,,,,,,,,,,,,,,,,,,,,,,,,,,,,,,,,,,,,,,,,,,,,,,,,18.257551418510204,13.98165783145929,8.433103368707979,47.26476516649077,26.296447485343908,106.43878734816533
30,3o1d.pdb,zebrafish,0,16.444870755842683,9.284800971168965,7.175986235865195,19.080890014330294,14.383606375956585,10.172309746006402,18.513780643843955,10.21053339274587,24.513044062242635,15.008108663448809,,,20.560759513451192,18.19078429489141,33.44182347519513,27.1712607440583,9.651770234140917,14.115090819418937,24.57423172138914,39.507780167182055,27.13796633448778,11.756692270602645,17.99699009332451,19.67493868992282,17.938445204060383,26.558238372104235,17.220303493078806,19.59524192027189,10.249862391640667,23.961390494221533,19.826977739565095,13.278127238281515,17.92624272533593,11.678778640093569,24.215802296744766,12.213265663188443,12.753306727704361,27.023448999578633,35.982315692825836,18.470302309671453,18.709261629072806,22.44391934562661,18.623464931605696,26.119281410993292,10.82826626975722,26.83461659114781,24.95016833737873,10.502816343238775,15.790993104694007,34.67343024967492,24.093819725122263,20.675550538281886,41.58503835459535,30.015013949348116,24.159013018482216,18.828181365657098,14.642492841278393,,,,,,,,,,,,,,,,,,,,,,13.328706219261086,51.57732854369059,47.79662344863511,7.143991976617129,38.482199918240745,33.201701462213435,15.60597620908972,35.02808254172307,40.59654487801826,-6.692547135566818,27.393197942898585,36.279992060432214,-1.7961992562077644,29.005385432703235,47.94504505786531,10.669980708410506,42.6407010636645,50.29152556972994,18.99435449415895,42.18415579933469,56.67944531222559,8.800777500053124,27.468110249755863,46.33500808688529,5.352424266218256,21.781650853752062,23.109355253444978,13.93773302010087,32.16638328688691,28.84105678960269,,,,,,,13.89440526775511,10.733540249048446,16.271023626979268,21.960495713052918,-33.647836233815624,-40.935983920862554,53.835187376523066,19.13791208574941,3.5688608055790243,5.731441879434541,-43.20313605923867,57.201902330566114,52.147510132976855,,,8.831501839755594,36.792325967687724,42.17411281966205,60.1593625498008,0.0,2.788844621513944,4.382470119521913,0.0,13.147410358565736,5.179282868525896,14.342629482071715,,,,,,,,,,,,,,,,,,,,,,,,,,,,,,,,,,,,,,,,,,,,,,,,,,,,,,,,,,,,,,,,,,,,,,,,,,,,,,,18.281635917493812,13.743560006313253,8.632678777255618,45.849750768168974,26.78795040366556,107.36229882816549
31,4q0a.pdb,zebrafish,0,,,,,,,,,,,,,,,,,,,,,,,,,,,,,,,,,,,,,,,,,,,,,,,,,,,,,,,,,,,,,,,,,,,,,,,,,,,,,,,,,,,,,,,,,,,,,,,,,,,,,,,,,,,,,,,,,,,,,,,,,,,,,,,,,,8.000487861267997,39.22839021013892,41.413474259794334,61.199999999999996,0.0,2.8000000000000003,4.3999999999999995,0.0,13.200000000000001,4.3999999999999995,14.000000000000002,,,,,,,,,,,,,,,,,,,,,,,,,,,,,,,,,,,,,,,,,,,,,,,,,,,,,,,,,,,,,,,,,,,,,,,,,,,,,,,,,,,,
32,4g2h.pdb,zebrafish,0,17.551873330365513,9.473324345450385,7.286408958032331,18.91857232474362,13.862459789743582,10.024748723683523,18.651022094614106,10.375358863329671,24.67394970601083,15.132038990552989,,,22.063321846844193,19.206439683179003,34.64740424081933,28.083562409492956,10.262152687968442,12.744975953652306,25.91376817532756,40.9148035935526,28.33486313469009,11.828913397576587,17.833731008157756,19.351712986449023,17.98017176216781,26.862456936186657,17.065154323754786,19.665452241980674,10.226387708876764,23.70347021577192,19.116831203639407,13.37049121707795,18.81644216196155,11.521582208440744,24.169175621533306,12.141915672657102,12.636794233460858,26.816175386541566,35.82362911257407,17.996043126028294,18.56655534054128,22.224649193969707,18.416910182888884,25.760314323107767,10.243879593221083,26.188261600613195,24.24003003935941,10.108924058738866,16.402684611728283,34.68604441959542,24.06977386967106,21.90409198653842,42.273842039463446,30.765871953338397,23.33829241275687,18.227138684015618,14.729654786714681,,,,,,,,,,,,,,,,,,,,,,14.531672334071148,52.246263024301584,49.1383039121377,7.370443446983756,38.65684795355136,33.300539872379936,15.807989605027148,35.016208993300694,40.748811816888875,-6.305842792333062,27.6500417782666,36.439229756920014,-0.84170728572872,28.783681695498345,47.77707135937478,10.850571286366531,42.75829184955168,50.45727163535191,18.09374536452473,43.30050027817911,57.48811688459271,9.069461222985696,27.138693528999507,45.777115898781275,5.4837548922559405,21.805096977827795,23.3411770799478,14.132997784854405,32.27843330857385,29.03876899440573,,,,,,,14.040572295668664,11.03288477246802,16.302046845883407,26.897276932940432,-32.60595758219974,-41.73698714646843,53.70447067430713,20.652963995397762,1.7571892732684593,15.429235682687631,-41.19680395339555,57.19030595657161,52.001581114052954,,,9.006550917069157,36.97562639473158,42.478803355773366,60.8,0.0,2.8000000000000003,6.0,0.0,11.200000000000001,4.8,14.399999999999999,,,,,,,,,,,,,,,,,,,,,,,,,,,,,,,,,,,,,,,,,,,,,,,,,,,,,,,,,,,,,,,,,,,,,,,,,,,,,,,18.230139639633077,14.059898783607935,8.45403529059055,48.03063794876666,26.555113344522848,105.41424870671048
33,3dr1.pdb,zebrafish,0,17.551873330365513,9.473324345450385,7.286408958032331,18.91857232474362,13.862459789743582,10.024748723683523,18.651022094614106,10.375358863329671,24.67394970601083,15.132038990552989,,,22.57145881169463,19.26493905135897,35.33410757340833,27.928552411930095,10.399478058801416,13.245753738911027,26.11000730185083,41.25891523247769,28.49618384898339,11.415020660010299,17.903931753121725,19.51597503703763,17.98669690399974,26.55963337885042,16.95458691929681,19.52833411726553,10.072754503510314,23.33266502922171,18.90431351382356,13.05139328925472,17.904444669168424,11.250531121753715,24.033594423399038,11.479378836731337,13.296868990575048,27.065191661121833,35.88618752438288,17.99399979106229,18.251537398115047,21.505130166557414,18.025718062307924,25.368001501284052,10.763392607150703,26.945143642558996,23.806563477677575,10.504865440921087,16.415025022365302,34.647458790306445,23.500297712278552,21.19450725369855,41.46878733863409,29.31895267796324,23.289091401784596,17.071910536171412,14.488202615716991,,,,,,,,,,,,,,,,,,,,,,14.844579901245147,51.78592265998472,49.73419280524801,7.450411657341442,38.1534196645396,33.334440034305,15.373174831940487,34.7246203885686,40.802763532438966,-6.05109668376158,26.737739531527293,36.15264723682118,-0.9584835266693901,28.805606083600512,48.26032843957609,10.892786423613407,42.19860758305546,50.51896144715735,19.20423538284102,41.54103852592269,56.90954960984738,9.2457202554384,26.616060439644166,45.62769943762476,5.692102565345215,21.571240727273214,23.170999464053235,14.016412398504936,31.318056033708118,29.924774128481666,,,,,,,,,,26.897276932940432,-32.60595758219974,-41.73698714646843,53.70447067430713,20.652963995397762,1.7571892732684593,15.429235682687631,-41.19680395339555,57.19030595657161,52.001581114052954,,,9.006550917069157,36.97562639473158,42.478803355773366,61.50793650793651,0.0,2.7777777777777777,4.365079365079365,0.0,9.920634920634921,5.555555555555555,15.873015873015872,,,,,,,,,,,,,,,,,,,,,,,,,,,,,,,,,,,,,,,,,,,,,,,,,,,,,,,,,,,,,,,,,,,,,,,,,,,,,,,18.195332527947485,13.912667788605297,8.531909533781947,47.36399694878346,26.817414897490067,105.81858815372648
